ゲーム名,プレイ人数,プレイ時間,対象年齢,発売年
五番街,2人～4人,60分～100分,12歳～,2004年～
こねこミキサー,2人～4人,30分前後,8歳～,2011年～
古代ローマの新しいゲーム,2人～7人,10分前後,10歳～,1994年～
古代,2人～6人,90分～120分,12歳～,2005年～
コズミック・エンカウンター,2人～6人,90分前後,12歳～,1977年～
ごきぶりポーカー,2人～6人,20分前後,8歳～,2004年～
ごきぶりキッチン,2人～4人,15分～20分,6歳～,2015年～
ゴールド,2人～3人,20分前後,8歳～,2011年～
ゴーストップ,2人～6人,10分前後,9歳～,2005年～
ゴースト・フォー・セール / ゴースト売ります,3人～5人,40分前後,8歳～,2007年～
交易王,2人～4人,30分前後,12歳～,2007年～
ごいた / ごいたカード / 奥能登伝承娯楽 ごいた / 天九紙牌,3人～4人,30分前後,8歳～,2012年～
ゴア,2人～4人,90分～110分,12歳～,2004年～
原始スープ,3人～4人,90分前後,12歳～,1997年～
ケルト：スパイラル,2人～4人,30分前後,10歳～,2010年～
ケルト：カード,2人～4人,20分前後,8歳～,2009年～
ケルト：タイル,2人～4人,15分前後,7歳～,2009年～
ケルト,2人～4人,30分前後,10歳～,2008年～
決算日,2人～4人,30分～45分,10歳～,2002年～
ゲシェンク,3人～7人,20分～30分,8歳～,2004年～
ケイラス,2人～5人,60分～150分,12歳～,2005年～
クワークル・キューブ,2人～4人,30分～60分,6歳～,2009年～
クロンダイク,2人～4人,20分前後,6歳～,1993年～
グレンモア,2人～5人,60分～80分,10歳～,2010年～
クレタ,2人～4人,60分前後,11歳～,2005年～
クレオパトラと建築家たち,3人～5人,60分前後,10歳～,2006年～
グレート・ウエスタン・トレイル,2人～4人,75分～150分,12歳～,2016年～
クレイジー・ダンシング,6人～24人,30分前後,8歳～,2009年～
くるりんモグラ,2人～6人,20分～30分,5歳～,2005年～
くるりんパニック！！ / クルクルケッコー / どきどきクレイジープレーン,2人～4人,10分～20分,5歳～,2006年～
グリュックス,2人～4人,30分～45分,8歳～,2016年～
グリード,2人～6人,30分前後,7歳～,1986年～
グランクリュ,2人～5人,90分前後,12歳～,2010年～
クラフトワーゲン,2人～4人,75分前後,10歳～,2015年～
グラフィティ,3人～8人,不明,12歳～,2007年～
クラスク,2人用,10分前後,8歳～,2014年～
クラウド9,3人～6人,30分前後,8歳～,1999年～
ククカード,2人～40人,2分前後,8歳～,2004年～
クク21,5人～12人,30分前後,6歳～,2012年～
クオ ヴァディス,3人～5人,45分前後,12歳～,1992年～
クーハンデルマスター,2人～6人,60分前後,10歳～,2009年～
クー,3人～6人,15分前後,9歳～,2012年～
クイズいいセン行きまSHOW！,3人～10人,10分～30分,8歳～,2008年～
クアルト,2人用,20分前後,6歳～,1991年～
クアルト：ミニ,2人用,20分前後,6歳～,2009年～
クァークス,1人～4人,45分前後,7歳～,1980年～
キング・オブ・トーキョー,2人～6人,30分～60分,8歳～,2011年～
キュージェット,2人～6人,30分前後,12歳～,2004年～
キャンプ,2人用,30分～40分,12歳～,1993年～
キャントストップ,2人～4人,30分前後,9歳～,1980年～
ギャラクシートラッカー,2人～4人,60分～80分,10歳～,2007年～
キャメロットを覆う影,3人～7人,60分～80分,10歳～,2005年～
キャメルアップ,2人～8人,20分～30分,8歳～,2014年～
キャプテン・リノ,2人～5人,5分～15分,5歳～,2010年～
キャット＆チョコレート：学園編,3人～6人,30分前後,8歳～,2013年～
ギプフ,2人用,30分～60分,9歳～,1998年～
キピット,2人用,30分前後,5歳～,1999年～
貴族のつとめ,2人～5人,60分～90分,12歳～,1990年～
キーフラワー,2人～6人,90分～120分,12歳～,2012年～
カルタヘナ,2人～5人,45分前後,8歳～,2000年～
カルカソンヌ：10周年記念版,2人～5人,45分前後,13歳～,2011年～
狩歌 基本セット,2人～8人,15分～30分,10歳～,2016年～
カラヤのスルタン,5人～15人,45分～75分,12歳～,2016年～
ガラガラヘビ,2人～4人,10分～20分,8歳～,2007年～
カヤナック,2人～4人,20分～30分,6歳～,1999年～
カツカレー喰ってる場合か？,4人～6人,30分前後,8歳～,2012年～
カタン：カプコン版,3人～4人,60分前後,10歳～,2002年～
カタン：航海者版,3人～4人,90分前後,10歳～,1997年～
カタン： 都市と騎士（拡張）,3人～4人,90分前後,12歳～,1998年～
カタン,3人～4人,40分～60分,10歳～,1995年～
傾いてる傾いてるよオイ！,2人～4人,15分前後,5歳～,2004年～
カヴェルナ：洞窟の農夫たち,1人～7人,30分～210分,12歳～,2013年～
海底探険,2人～6人,30分前後,8歳～,2014年～
海賊ブラック,2人～4人,15分前後,5歳～,2006年～
海賊組合,3人～5人,45分～55分,8歳～,2006年～
ガイスター,2人用,15分前後,6歳～,1982年～
お蜜柑様,4人～13人,不明,不明,2014年～
お宝はまぢか,2人～4人,20分～30分,5歳～,2006年～
お先に失礼しま～す！,2人～4人,20分～30分,8歳～,2008年～
お邪魔者,3人～10人,30分前後,8歳～,2004年～
オロンゴ,2人～4人,40分前後,10歳～,2014年～
おばけキャッチ,2人～8人,20分前後,8歳～,2010年～
オニリム：最初の旅と七つの書,1人～2人,15分前後,14歳～,2014年～
オニタマ,2人用,10分～30分,8歳～,2014年～
オートモービル,3人～5人,120分前後,12歳～,2009年～
オーディンの祝祭,1人～4人,30分～120分,12歳～,2016年～
大競り市ゲーム,2人～6人,60分前後,不明,不明
トゥー・メニー・クックス / 料理人が多すぎる,2人～5人,30分前後,10歳～,2002年～
リッチ＆グッド～大勝負～,3人～5人,45分～55分,10歳～,2008年～
横暴編集長,3人～5人,20分～25分,10歳～,2015年～
王と枢機卿,3人～5人,50分～60分,12歳～,2000年～
オアシス,3人～5人,60分前後,10歳～,2004年～
エルフェンランド,2人～6人,60分前後,10歳～,1998年～
エルグランデ ビッグボックス,2人～5人,90分前後,12歳～,2015年～
エスカレーション！,2人～6人,15分前後,10歳～,2007年～
ウントチュース！,4人～6人,30分前後,10歳～,1997年～
ウボンゴ3D,1人～4人,30分前後,10歳～,2009年～
ウボンゴ,1人～4人,25分前後,8歳～,2003年～
ウッドチャック,2人～4人,20分前後,6歳～,2011年～
ヴォーパルス,2人～5人,30分～40分,9歳～,2011年～
ウィリー,3人～4人,30分前後,8歳～,1999年～
ヴィラ・パレッティ,2人～4人,30分前後,8歳～,2001年～
ウィナーズ サークル,2人～6人,45分～55分,10歳～,2006年～
ウィ・ウィル・ウォック・ユー！,2人～4人,30分～40分,8歳～,2012年～
ウィ・ウィル・ロック・ユー,4人～12人,30分前後,8歳～,2009年～
ヴァス・シュティッヒ,3人～4人,60分前後,12歳～,1993年～
インペリアル,2人～6人,120分～180分,12歳～,2006年～
インフェルノ,3人～7人,20分前後,8歳～,2005年～
イントリーゲ,3人～5人,45分前後,14歳～,1994年～
インディアン人狼うちわ,3人～7人,1分～5分,8歳～,2016年～
インダストリア,3人～4人,60分前後,10歳～,2003年～
インシュ,2人用,30分～60分,9歳～,2003年～
インジーニアス（頭脳絶好調）,2人～4人,45分前後,10歳～,2004年～
インコグニト,3人～5人,90分前後,10歳～,1988年～
インカの黄金,3人～8人,20分前後,8歳～,2006年～
イラスト募集中,3人～5人,30分～40分,12歳～,1990年～
ワームアップ / イモムシイモムシ,3人～5人,15分前後,7歳～,1994年～
イゾルデ,2人～5人,30分前後,8歳～,2015年～
イスファハン,3人～4人,60分前後,8歳～,2006年～
イスタンブール,2人～5人,40分～60分,10歳～,2014年～
生きてる！,2人～5人,15分～30分,12歳～,2007年～
いかさまゴキブリ,3人～5人,30分前後,7歳～,2011年～
アンダーカバー,2人～7人,30分前後,8歳～,1984年～
アンギャルド,2人用,30分前後,8歳～,1993年～
蟻の国,2人～4人,60分～120分,13歳～,2012年～
アラカルト,2人～4人,30分～40分,10歳～,2009年～
あやつり人形,2人～7人,20分～60分,10歳～,2000年～
アメン・ラー,3人～5人,90分前後,12歳～,2003年～
アベ・カエサル,3人～6人,30分～40分,12歳～,1989年～
アブルクセン,2人～5人,20分前後,10歳～,2014年～
アブラカ…ワット？,2人～5人,30分前後,7歳～,2014年～
アップル・トゥ・アップル,4人～10人,30分～40分,12歳～,1999年～
アサラ,2人～4人,45分前後,9歳～,2010年～
アクワイア,3人～6人,90分前後,12歳～,1962年～
アグリコラ,1人～5人,120分～140分,12歳～,2007年～
アクアスフィア,2人～4人,100分前後,12歳～,2014年～
デュプリク / アイデンティク,3人～10人,45分前後,12歳～,2006年～
アール・エコ,2人～5人,20分前後,8歳～,2004年～
あーぎ！てくと,4人～8人,45分前後,8歳～,2016年～
森の影,2人～8人,30分～40分,5歳～,1985年～
もっとホイップを！,2人～5人,20分前後,8歳～,2008年～
モダンアート,3人～5人,45分前後,10歳～,1992年～
メンバーズ・オンリー,3人～5人,45分前後,10歳～,1996年～
メトロポリィス,2人～4人,45分前後,8歳～,2008年～
メディナ,3人～4人,60分前後,10歳～,2001年～
メディチ対ストロッツィ,2人用,30分前後,10歳～,2006年～
メディチ,2人～6人,60分前後,10歳～,1995年～
メキシカントレイン,1人～8人,20分前後,10歳～,1994年～
メイクンブレイク,2人～4人,30分前後,8歳～,2004年～
ムガル（旧版）,3人～6人,45分前後,10歳～,2002年～
ムガル（新版）,3人～5人,45分前後,13歳～,2015年～
ミューラ,3人用,30分前後,7歳～,1985年～
ミラーズホロウの人狼,8人～18人,30分前後,10歳～,2001年～
ミノタウロス・ロード,2人用,10分～20分,12歳～,2004年～
ミッドナイトパーティー,2人～8人,30分～40分,8歳～,1989年～
三戒,3人～7人,45分前後,10歳～,2008年～
ミスターX,2人～6人,60分前後,10歳～,2009年～
ミスター・ダイヤモンド,2人～8人,20分前後,8歳～,1993年～
ミケリノス王,2人～4人,45分前後,10歳～,2006年～
マンマミーア・プラス,2人～6人,60分前後,10歳～,2009年～
マンハッタン,2人～4人,45分前後,10歳～,1994年～
マリア,2人～3人,210分前後,14歳～,2009年～
マラケシュ,3人～4人,60分前後,12歳～,1996年～
マメじゃないよ,3人～6人,45分前後,10歳～,1999年～
魔法のラビリンス,2人～4人,20分～30分,6歳～,2009年～
魔法にかかったみたい,3人～5人,45分前後,9歳～,2008年～
マニラ,3人～5人,60分前後,10歳～,2005年～
マスカレイド,2人～13人,30分前後,10歳～,2013年～
ほんのきもちです,3人～6人,30分～40分,不明,2006年～
ポンジスキーム,3人～5人,60分～90分,12歳～,2015年～
ポラリティ,2人～4人,20分前後,8歳～,1986年～
ボラボラ,2人～4人,60分～120分,12歳～,2013年～
ボブジテン,3人～8人,30分前後,10歳～,2017年～
ボトルインプ,2人～4人,30分前後,10歳～,1995年～
ホッサ！,3人～8人,45分～55分,8歳～,2000年～
ボーナンザ,3人～5人,45分前後,10歳～,1997年～
宝石の煌き,2人～4人,30分前後,10歳～,2014年～
宝石商,3人～5人,60分前後,9歳～,2003年～
ポイズン,3人～6人,30分前後,8歳～,2005年～
ペンギンパーティ,2人～6人,15分前後,6歳～,2007年～
ペルガモン,2人～4人,45分前後,10歳～,2011年～
ペルガメムノン,2人～5人,45分前後,10歳～,2011年～
ベニスの仮面舞踏会,5人～12人,20分前後,10歳～,1999年～
ヘックメック,2人～7人,20分前後,8歳～,2005年～
ベガス,2人～5人,30分前後,8歳～,2012年～
ヘーゼルナッツの騎士,2人～4人,30分前後,6歳～,1997年～
ペアペア連想ゲーム,4人～8人,45分前後,10歳～,2004年～
フンタ,4人～7人,180分～200分,12歳～,1978年～
ブロックス3D,2人～4人,15分前後,7歳～,2008年～
ブロックス,2人～4人,20分前後,7歳～,2002年～
フレッシュフィッシュ（2014年版）,2人～5人,45分前後,12歳～,2014年～
フレスコ,2人～4人,60分前後,10歳～,2010年～
ブレーキング・アウェイ,2人～9人,60分～90分,10歳～,1991年～
ブルゴーニュ,2人～4人,30分～90分,12歳～,2011年～
ブルームーン,2人用,30分前後,12歳～,2004年～
フルーツジュース,2人～5人,20分～30分,8歳～,2016年～
プリンセス・エスコート,3人～8人,20分～40分,10歳～,2014年～
フリンケピンケ,2人～5人,20分～30分,7歳～,1994年～
ブリッとでるワン,2人～4人,不明,6歳～,不明
ブラフ / ライアーズダイス,2人～6人,15分～30分,8歳～,1993年～
ブラッドバウンド,6人～12人,30分～40分,14歳～,2013年～
ブラックストーリーズ：50の黒い物語,2人～15人,20分前後,12歳～,2004年～
ブラス,3人～4人,120分～180分,13歳～,2007年～
プライバシー,5人～12人,45分前後,16歳～,2004年～
袋の中の猫フィロー,3人～5人,20分前後,8歳～,2007年～
ぶくぶく,3人～5人,30分前後,10歳～,1997年～
フォーミュラ D,2人～10人,60分前後,8歳～,2012年～
フォレショレ,3人～4人,20分前後,8歳～,2011年～
フォレ・ヒュッテ,3人～5人,30分前後,12歳～,1997年～
フォトパーティ,6人～15人,20分前後,8歳～,2010年～
フェレータ,3人～5人,60分前後,12歳～,1998年～
プエルトリコ,2人～5人,90分～150分,12歳～,2002年～
プエブロ,2人～4人,60分前後,10歳～,2002年～
フェイスカード,3人～7人,20分前後,10歳～,2017年～
フードチェーンマグネイト,2人～5人,120分～240分,14歳～,2015年～
ブードゥープリンス,2人～5人,20分前後,8歳～,2017年～
プゥー,3人～7人,15分前後,8歳～,2010年～
フィレンツェの匠,2人～5人,75分～100分,12歳～,2000年～
ファミリア,1人～2人,30分前後,10歳～,2010年～
ファブフィブ,3人～10人,30分前後,10歳～,2004年～
ファウナ,2人～6人,45分～60分,8歳～,2008年～
ピラニア・ペドロ,2人～6人,30分～40分,8歳～,2004年～
ピュンクト,2人用,30分前後,10歳～,2005年～
百科審議官,3人用,20分～30分,不明,2006年～
ビブリオス,2人～4人,30分前後,10歳～,2007年～
ヒットマンガ 学園編,不明,不明,不明,不明
ピット / デラックスピット,3人～8人,30分～90分,7歳～,1903年～
ぴっぐテン,2人～8人,15分～20分,6歳～,2010年～
ビッグ・ショット,2人～4人,45分前後,10歳～,2001年～
ピクトマニア,3人～6人,25分～35分,9歳～,2011年～
ピクショナリー,3人～20人,不明,不明,1985年～
ピーナッツ,2人～6人,45分前後,8歳～,2001年～
バンボレオ,2人～7人,10分～20分,不明,1996年～
犯人は踊る,3人～8人,10分～20分,8歳～,2013年～
ハンザ,2人～4人,60分前後,10歳～,2004年～
はんか通骨董市,3人～6人,15分～30分,8歳～,2015年～
パレード,2人～6人,30分～40分,10歳～,2007年～
バルバロッサ,3人～6人,60分前後,12歳～,2005年～
バルーン・カップ,2人用,30分前後,8歳～,2003年～
ハムスターロール,2人～4人,30分前後,7歳～,2000年～
ババンク,3人～6人,30分前後,12歳～,2001年～
花火,2人～5人,25分前後,8歳～,2010年～
バトルライン,2人用,30分前後,12歳～,2000年～
パトリツィア,2人～5人,50分前後,10歳～,2007年～
パドブラ,3人～6人,不明,不明,2011年～
パッチワーク,2人用,15分～30分,8歳～,2014年～
はちゃめちゃジェットコースター,2人～4人,30分前後,5歳～,2003年～
ハチエンダ,2人～5人,45分～60分,10歳～,2005年～
バザリ,3人～5人,25分前後,10歳～,1998年～
バケツくずし3D,2人～6人,20分前後,8歳～,2014年～
バケツくずし,2人～6人,45分前後,10歳～,2002年～
ハゲタカのえじき,2人～6人,20分前後,8歳～,1988年～
パウワウ,3人～8人,30分前後,9歳～,2006年～
バウザック,2人～8人,45分～55分,7歳～,1987年～
ハイパーロボット,1人～999人,30分～40分,10歳～,1999年～
ハイソサエティ,3人～5人,15分～30分,10歳～,1995年～
ハイジとペーター,2人～4人,35分～45分,9歳～,1995年～
牌九,不明,不明,不明,不明
バース,2人～3人,5分前後,8歳～,2014年～
呪いのミイラ,2人～5人,30分～45分,8歳～,2008年～
ノミのサーカス,2人～5人,15分前後,6歳～,1998年～
ノスフェラトゥ,5人～8人,20分前後,10歳～,2013年～
ノートルダム,2人～5人,45分～75分,10歳～,2007年～
ノイ,2人～7人,20分前後,7歳～,1988年～
ねことねずみの大レース,2人～4人,20分～30分,4歳～,2002年～
ヌメリ / かえるの王子様,2人～4人,30分前後,7歳～,1998年～
忍者刀,2人～4人,60分前後,12歳～,2011年～
にわとりのしっぽ / にわとりの追いかけっこ,2人～4人,20分前後,4歳～,1998年～
ニューヨーク・スライス / ニューヨークスライスピザ,2人～6人,30分前後,8歳～,2017年～
ニムト,2人～10人,45分前後,8歳～,1994年～
ニエット！,2人～5人,30分前後,10歳～,1997年～
ナンバーナイン,1人～4人,20分前後,8歳～,2017年～
ナヴェガドール,2人～5人,60分～90分,12歳～,2010年～
七つの印,3人～5人,30分前後,10歳～,2003年～
なつのたからもの,3人～5人,15分前後,6歳～,2013年～
ナイアガラ,3人～5人,30分～45分,8歳～,2004年～
トンガボンガ,3人～4人,45分前後,10歳～,1998年～
トワイライト・ストラグル,2人用,180分～300分,不明,2005年～
ドワーフの王様,3人～5人,40分前後,10歳～,2011年～
トロワ,1人～4人,90分前後,12歳～,2010年～
トレンディ,2人～5人,20分前後,8歳～,2000年～
トリックマイスター,3人～5人,45分前後,10歳～,2010年～
トランプトリックスゲーム！,3人～4人,30分～45分,8歳～,2005年～
トランスアメリカ,2人～6人,30分～40分,8歳～,2002年～
トラヤヌス,2人～4人,60分～120分,12歳～,2011年～
ドラダ,2人～4人,30分～40分,12歳～,1988年～
ドラゴンイヤー17,2人～5人,75分～100分,12歳～,2017年～
ドメモ,2人～5人,20分前後,8歳～,1975年～
ドミニオン,2人～4人,30分前後,14歳～,2008年～
ドッカーン！,2人～5人,30分前後,6歳～,2013年～
髑髏と薔薇 / スカル,3人～6人,45分前後,14歳～,2011年～
どきどきワクワク相性チェックゲーム,4人～6人,30分～40分,12歳～,1996年～
トーレス,2人～4人,60分～80分,12歳～,1999年～
どうぶつしょうぎ,2人用,5分前後,4歳～,2008年～
ツィクスト,2人用,30分～40分,10歳～,1961年～
トイレ,3人～5人,不明,10歳～,2012年～
電力会社,2人～6人,120分前後,12歳～,2004年～
天九紙牌,2人～4人,不明,8歳～,2011年～
テレストレーション,4人～8人,30分前後,12歳～,2009年～
テラミスティカ,2人～5人,60分～150分,12歳～,2012年～
テラノバ,2人～4人,60分～80分,10歳～,2006年～
デュボン,2人用,30分前後,9歳～,2001年～
手本引き,2人～10人,30分前後,不明,2015年～
手荷物検査,3人～6人,40分前後,10歳～,2006年～
デザイア：欲望,3人～5人,15分前後,12歳～,2012年～
テーベ / テーベの東,2人～4人,60分前後,8歳～,2007年～
ティチュー,4人用,60分前後,10歳～,1989年～
ディクシット：オデッセイ,3人～12人,30分前後,8歳～,2011年～
ティカル,2人～4人,90分～120分,10歳～,1999年～
ディヴィナーレ,2人～4人,30分前後,13歳～,2012年～
ティーフェタッシェン,4人～8人,20分～50分,12歳～,2016年～
ディアボロ,3人～5人,30分前後,8歳～,2006年～
冷たい料理の熱い戦い,2人～6人,20分～30分,10歳～,1990年～
月夜の人狼,8人～80人,60分前後,15歳～,2013年～
ツォルキン：マヤ神聖歴,2人～4人,90分～120分,13歳～,2012年～
ツァール,2人用,30分～60分,13歳～,2007年～
チャオチャオ,2人～4人,30分前後,10歳～,1997年～
チャイナタウン,3人～5人,60分前後,12歳～,1999年～
チネチッタ1937,3人～5人,20分～30分,12歳～,2016年～
チグリス・ユーフラテス,2人～4人,90分前後,12歳～,1997年～
チグリス・ユーフラテス：王たちの戦い,2人～4人,45分～55分,12歳～,2005年～
チーズのお城,2人～4人,30分前後,6歳～,2007年～
チーキーモンキー / なまいきモンキー,2人～6人,15分前後,7歳～,2007年～
タンブリンダイス,2人～4人,10分前後,8歳～,2004年～
ダンシングドラゴン,4人～8人,20分前後,6歳～,2005年～
ダンシングエッグ,2人～4人,10分前後,5歳～,2003年～
タルギ,2人用,60分前後,12歳～,2012年～
タムスク,2人用,15分～25分,8歳～,1999年～
タブラの人狼,8人～24人,20分～40分,8歳～,2001年～
ダビデとゴリアテ,3人～6人,60分前後,8歳～,1997年～
たった今考えたプロポーズの言葉を君に捧ぐよ。,3人～6人,15分～30分,13歳～,2017年～
タギロン,2人～4人,15分前後,10歳～,2017年～
ダイ公望,2人～5人,15分～20分,8歳～,2016年～
ダイヤモンドクラブ,2人～4人,75分前後,10歳～,2008年～
タイムライン,2人～8人,15分前後,8歳～,2012年～
大聖堂,2人～4人,90分～120分,12歳～,2006年～
タージマハル,3人～5人,75分～100分,12歳～,2000年～
ゾンビリバボー,2人～4人,不明,不明,2011年～
そんな顔してどうしたの？,3人～8人,20分前後,6歳～,2016年～
それ何やねん,3人～10人,45分前後,12歳～,2006年～
それはオレの魚だ！,2人～4人,20分前後,8歳～,2005年～
そっとおやすみ,3人～7人,15分前後,5歳～,2002年～
ソクラテスラ～キメラティック偉人バトル～,2人～6人,15分～30分,10歳～,2018年～
センチュリー：スパイスロード,2人～5人,30分～45分,8歳～,2017年～
ゼロ,3人～5人,20分前後,8歳～,1998年～
セレンゲティ,3人～6人,25分～30分,8歳～,2007年～
セレスティア,2人～6人,30分前後,8歳～,2015年～
ゼヘツ,2人用,30分～60分,9歳～,1999年～
世界の七不思議,2人～7人,30分前後,10歳～,2011年～
成敗,3人～8人,45分前後,14歳～,2012年～
スペクタクラム,2人～4人,30分～45分,8歳～,2012年～
スブラタ,2人用,30分～40分,8歳～,2003年～
スパイフォール,3人～8人,15分前後,12歳～,2014年～
ストライク,2人～5人,15分前後,8歳～,2012年～
スティッキー,2人～4人,10分前後,6歳～,2000年～
スチールドライバー,3人～6人,60分前後,11歳～,2008年～
スチーム,3人～5人,90分前後,10歳～,2009年～
こぶたのおんぶレース / すすめコブタくん / こぶたのレース,2人～7人,15分～25分,4歳～,2001年～
スクイント,3人～8人,30分前後,12歳～,2002年～
すきもの,2人～6人,30分前後,9歳～,2012年～
スカルキング,2人～6人,30分前後,8歳～,2013年～
ズーポリス,3人～4人,20分前後,8歳～,2016年～
数エーカーの雪,2人用,60分～120分,14歳～,2011年～
ショッテン・トッテン,2人用,20分前後,8歳～,1999年～
ショーマネージャー,2人～6人,60分～90分,10歳～,1997年～
勝利への道：コンパクト,2人～4人,20分前後,8歳～,2009年～
将軍,3人～5人,150分前後,12歳～,2006年～
シュラウム人,3人～8人,15分～90分,13歳～,1991年～
シュティッヒルン,3人～6人,30分～40分,10歳～,1993年～
十二星座ゲーム,3人～5人,30分前後,10歳～,1995年～
酋長ボンバボン,3人～5人,10分～15分,6歳～,2014年～
秀才コースゲーム けいさん,2人～4人,10分前後,7歳～,1975年～
ジャングルスピード,2人～10人,15分前後,7歳～,1997年～
ジャンクアート,2人～6人,30分前後,8歳～,2016年～
シャドウレイダーズ,4人～8人,60分前後,13歳～,2018年～
シャドウハンターズ,4人～8人,30分～60分,13歳～,2005年～
ジャスト・フォー・ファン,2人～4人,20分～30分,10歳～,2006年～
ジャジャーン！,4人～9人,30分前後,8歳～,2010年～
ジャイプル,2人用,30分前後,12歳～,2009年～
時代劇3600秒,2人～7人,20分～70分,不明,2019年～
ジキルとハイド,3人～4人,60分前後,10歳～,1997年～
シェフィ,1人用,15分前後,12歳～,2013年～
ジェノバの商人,2人～5人,60分～120分,12歳～,2001年～
シークレットムーン,5人～8人,10分前後,10歳～,2014年～
サンマルコ,3人～4人,90分前後,10歳～,2001年～
サンチアゴ,3人～5人,60分～80分,10歳～,2003年～
サンタシ,2人用,15分前後,10歳～,2005年～
惨劇ルーパー,4人用,180分～240分,12歳～,2011年～
サンクトペテルブルク：第2版,2人～5人,60分前後,13歳～,2014年～
サラマンカ,2人～5人,45分～60分,10歳～,2006年～
皿洗いゲーム,2人～4人,不明,不明,1991年～
サムライ,2人～4人,45分～55分,10歳～,1998年～
サフラニート,2人～4人,30分～45分,10歳～,2010年～
砂漠を越えて,2人～5人,45分前後,10歳～,1998年～
ザックンパック,2人～6人,30分～45分,10歳～,2008年～
刺身にタンポポを載せるだけの簡単なお仕事です,3人～7人,30分～40分,不明,不明
サイズ -大鎌戦役-,1人～5人,90分～115分,14歳～,2016年～
最後の晩餐～裏切り者は誰だ,5人～15人,30分～50分,12歳～,2014年～
ザ・ボス,2人～4人,40分前後,10歳～,2010年～
コンテナ：10周年ジャンボエディション,3人～5人,75分～90分,13歳～,2017年～
コンセプト,4人～12人,40分～50分,8歳～,2013年～
コンコルディア,2人～5人,100分前後,13歳～,2013年～
コロレット,2人～5人,30分前後,8歳～,2003年～
コロッサル・アリーナ,2人～5人,60分前後,8歳～,2004年～
コリドール ミニ,2人～4人,15分前後,8歳～,1997年～
コヨーテ,2人～10人,30分前後,10歳～,2003年～
ツッコミかるた,2人～8人,10分～20分,12歳～,2017年～
モウ,2人～10人,15分前後,7歳～,2008年～
ドデリド,2人～6人,10分～20分,8歳～,2016年～
グースカパースカ,2人用,10分前後,6歳～,2009年～
コードネーム,2人～8人,15分前後,14歳～,2016年～
ウミガメの島,2人～7人,20分前後,6歳～,2014年～
ダイナソー・アイランド：トータリー・リキッド,1人～5人,90分～120分,8歳～,2018年～
ダイナソー・アイランド,1人～4人,60分～150分,10歳～,2017年～
アフター ザ フラッド,3人用,180分～200分,13歳～,2008年～
スティックスタック,2人～8人,15分前後,8歳～,2016年～
フレッシュミート,2人～6人,120分～140分,18歳～,1999年～
ローマの執政官,3人～4人,60分前後,12歳～,2012年～
ダイスタウン,2人～5人,45分前後,10歳～,2009年～
シルバーマイン,2人～6人,30分～45分,7歳～,1992年～
やあこんにちは！,3人～4人,不明,10歳～,2000年～
ワイルドキャッターズ,2人～4人,120分前後,12歳～,2013年～
キャッシュ＆ガンズ,4人～6人,30分前後,10歳～,2005年～
マンション・オブ・マッドネス：第2版,1人～5人,120分～180分,14歳～,2016年～
シトラス,2人～5人,50分～80分,10歳～,2013年～
グランドオーストリアホテル：レッツ・ワルツ！（拡張）,2人～4人,60分～120分,12歳～,2021年～
グランドオーストリアホテル,2人～4人,60分～120分,12歳～,2015年～
イワリ,2人～5人,45分前後,14歳～,2019年～
18,2人用,5分～10分,6歳～,2020年～
エネルギー・ポーカー,2人～4人,60分前後,10歳～,1980年～
タマニーホール,3人～5人,60分～80分,12歳～,2007年～
ケベック,2人～5人,75分前後,13歳～,2011年～
贋札づくり,3人～6人,90分～110分,12歳～,1994年～
泥棒と乞食,2人～5人,15分～30分,10歳～,1984年～
国富論,3人～6人,120分前後,13歳～,2008年～
フィノ,3人～5人,90分前後,12歳～,1999年～
ポテトマン,2人～5人,40分前後,10歳～,2013年～
カルカソンヌ：20周年記念版,2人～5人,30分～45分,7歳～,2021年～
コブラス,1人～5人,30分～45分,13歳～,2017年～
コズミック・エイデックス,3人用,60分前後,10歳～,1998年～
バロニィ：スペシャルボックス,2人～5人,45分前後,10歳～,2020年～
ダブル・オア・ナッシング,3人～6人,20分前後,10歳～,2006年～
タイクーン,2人～4人,90分～110分,不明,1998年～
ミニゴルフデザイナー拡張：運命のパット,1人～5人,60分～90分,10歳～,2021年～
ミニゴルフデザイナー,1人～5人,60分～90分,10歳～,2020年～
ウォーチェスト：攻城戦（拡張）,2人～4人,30分～60分,14歳～,2021年～
ウォーチェスト：王の勅命と貴族（拡張）,2人～4人,30分～60分,14歳～,2019年～
スカルキング：レジェンド,2人～6人,30分前後,8歳～,2013年～
リシュリュー,2人用,45分前後,12歳～,2003年～
ホットドッグ：オリジナル版,2人～5人,30分前後,不明,1996年～
ザ・クルー：第９惑星の探索,2人～5人,20分前後,10歳～,2019年～
号外！,2人～4人,不明,12歳～,1992年～
キャットインザボックス：オリジナル版,3人～4人,30分～45分,10歳～,2020年～
ビラボング,2人～4人,30分前後,10歳～,1994年～
ビーバーバンデ,2人～6人,10分前後,6歳～,1995年～
ガンジスの藩王,2人～4人,45分～75分,12歳～,2017年～
製品版ギャングスターパラダイス レクイエム,4人～7人,30分～90分,14歳～,2019年～
ウォーチェスト,2人～4人,30分前後,14歳～,2018年～
トリッキーウェイ,2人～4人,30分前後,6歳～,2013年～
ノッティンガムのシェリフ,3人～5人,60分前後,13歳～,2014年～
QE,3人～5人,45分前後,8歳～,2019年～
ラミー17,2人～6人,20分前後,10歳～,2016年～
フォッペン！,4人～8人,15分前後,8歳～,2018年～
シュタウファー,2人～5人,40分～100分,12歳～,2015年～
ハンザテウトニカ　Big Box,3人～5人,45分～90分,12歳～,2020年～
フォーセール オートラマ,3人～6人,30分～45分,10歳～,2021年～
フォー・セール,3人～6人,20分前後,8歳～,1997年～
オーレ！,3人～8人,30分前後,8歳～,1996年～
真珠の首飾り / パール,2人～6人,15分前後,6歳～,2019年～
横濱紳商伝デュエル,2人用,45分前後,12歳～,2018年～
横濱紳商伝,2人～4人,90分前後,12歳～,2016年～
ドミニオン：繁栄,2人～4人,30分前後,13歳～,2008年～
銀杏都市 / ギンコポリス,1人～5人,45分前後,13歳～,2012年～
タルバ,2人～4人,45分前後,8歳～,2006年～
サギ師,3人～7人,20分前後,8歳～,2009年～
アッティカ,2人～4人,60分前後,10歳～,2003年～
カサブランカ,2人～8人,30分～40分,10歳～,1982年～
レオナルド・ダ・ヴィンチ,2人～5人,90分前後,12歳～,2006年～
バスケットボス,2人～5人,50分前後,10歳～,2009年～
バーゲン・ハンター,3人～4人,45分前後,10歳～,1998年～
テキサスショーダウン,3人～6人,45分前後,10歳～,2015年～
ジンバブエトリック,3人～4人,20分前後,8歳～,2019年～
マチュピチュの王子,2人～5人,90分前後,12歳～,2008年～
俗語論：デラックスエディション,2人～5人,90分～120分,14歳～,2019年～
ファクトリー・ファンナー,1人～5人,20分～40分,11歳～,2016年～
アルカディアの建設,2人～4人,60分前後,10歳～,2006年～
マネージャー,3人～6人,60分前後,10歳～,1991年～
恐怖の古代寺院,3人～10人,15分前後,8歳～,2016年～
ドミニオン：陰謀（第二版）,2人～4人,30分前後,13歳～,2016年～
ドミニオン：第二版,2人～4人,30分前後,14歳～,2016年～
ドミニオン：帝国,2人～4人,30分前後,14歳～,2016年～
FBI,2人～5人,30分～40分,10歳～,2004年～
ザ・ゲーム,1人～5人,15分～20分,8歳～,2015年～
ベストアクト,3人～8人,15分前後,8歳～,2018年～
ゴブレット・ゴブラーズ,2人用,5分前後,5歳～,2003年～
マカバナ,2人～6人,45分～60分,10歳～,2003年～
ストラグル・オブ・エンパイア,2人～7人,180分～240分,13歳～,2004年～
ケイラス・マグナカルタ,2人～4人,45分～75分,10歳～,2007年～
エアライン・ヨーロッパ,2人～5人,75分前後,10歳～,2011年～
ヘルマゴル,2人～5人,90分～120分,12歳～,2006年～
メルカトル,1人～4人,60分～120分,12歳～,2010年～
マルコポーロ2：大いなる帰還,2人～4人,60分～120分,12歳～,2019年～
ストラスブール,3人～5人,60分前後,12歳～,2011年～
フードチェーンマグネイト：ケチャップ（拡張）,2人～6人,120分～240分,14歳～,2019年～
ラパヌイ,2人～4人,40分前後,10歳～,2011年～
インドネシア,2人～5人,180分前後,不明,2005年～
エジツィア：シフティング・サンズ,2人～4人,90分前後,14歳～,2019年～
暗黒の金曜日,2人～5人,55分～65分,12歳～,2010年～
ラプトル,2人用,25分前後,9歳～,2016年～
ミスター・ジャック,2人用,30分前後,9歳～,2006年～
テオティワカン：シティ・オブ・ゴッズ,1人～4人,90分～120分,12歳～,2018年～
カーリーの眼,2人～6人,30分前後,14歳～,1993年～
バラージ,1人～4人,60分～120分,14歳～,2019年～
メキシカ,2人～4人,90分～120分,10歳～,2002年～
クスコ,2人～4人,120分前後,12歳～,2000年～
テラフォーミングマーズ：動乱（拡張）,1人～5人,120分前後,12歳～,2019年～
テラフォーミングマーズ：コロニーズ（拡張）,1人～5人,120分前後,12歳～,2018年～
テラフォーミングマーズ：プレリュード（拡張）,1人～5人,90分～120分,12歳～,2018年～
テラフォーミングマーズ：ヘラス＆エリジウム（拡張）,1人～5人,90分～120分,12歳～,2017年～
テラフォーミングマーズ：ヴィーナス・ネクスト（拡張）,1人～5人,90分～120分,12歳～,2017年～
テラフォーミングマーズ,1人～5人,90分～120分,12歳～,2016年～
じゅうたん商人,3人～5人,不明,8歳～,1993年～
でっかい馬鈴薯,2人～6人,120分前後,12歳～,1989年～
アルケミスト,2人～5人,40分前後,10歳～,2007年～
天下鳴動,2人～4人,20分～40分,10歳～,2017年～
スカウト！,2人～5人,15分前後,9歳～,2019年～
ジャスト・ワン,3人～7人,20分前後,8歳～,2018年～
ローリーズストーリーキューブス,1人～12人,20分前後,6歳～,2013年～
ノコスダイス,3人～5人,30分～45分,10歳～,2016年～
ラスト・チャンス,3人～6人,30分～45分,12歳～,1994年～
ワイン商,3人～5人,45分前後,10歳～,2004年～
イト,2人～10人,30分前後,8歳～,2019年～
地下迷宮と5つの部族,3人～5人,30分前後,10歳～,2019年～
ボブジテンその3,3人～8人,30分前後,10歳～,2018年～
ボブジテンその2,3人～8人,30分前後,10歳～,2017年～
ドミニオン：陰謀,2人～4人,30分前後,13歳～,2008年～
1号線で行こう（新版）,2人～5人,45分～60分,10歳～,2011年～
マカオ,2人～4人,90分～110分,12歳～,2009年～
オルレアン,2人～4人,90分前後,12歳～,2014年～
乗り間違い,3人～4人,30分～40分,10歳～,2001年～
バンパイア,3人～5人,20分～30分,10歳～,2000年～
ポンプ消防隊,4人～5人,30分～50分,10歳～,2019年～
ヘブン＆エール,2人～4人,60分～90分,12歳～,2017年～
ストリーミング,3人～5人,30分前後,10歳～,2018年～
ヘキセンレンネン,2人～4人,30分～45分,7歳～,2001年～
フランチャイズ,2人～5人,60分前後,12歳～,2018年～
ビッグシティ：20 周年記念版,2人～4人,45分～60分,13歳～,2019年～
ジェンティス,2人～4人,75分～120分,12歳～,2017年～
麻雀,2人～4人,60分～180分,不明,1850年～
髑髏と薔薇：赤箱,3人～6人,15分～45分,14歳～,2011年～
胡椒袋,2人～6人,60分～90分,12歳～,1998年～
知略悪略,4人～6人,60分前後,10歳～,1999年～
森のカッコウ,2人～4人,20分前後,8歳～,1988年～
佐村ァ後ろ後ろ!!,4人～8人,20分前後,不明,2014年～
ワンナイト人狼 モンスターver,3人～5人,5分～10分,10歳～,2014年～
ロンドン（第二版）,2人～4人,60分～90分,14歳～,2017年～
レジスタンス：極秘任務,5人～10人,30分前後,13歳～,2014年～
レジスタンス：敵対意思,5人～10人,30分前後,13歳～,2014年～
レース・フォー・ザ・ギャラクシー：嵐の予兆,1人～5人,60分～80分,12歳～,2008年～
ル・アーブル：コンプリートパック,1人～5人,30分～150分,12歳～,2018年～
りゅうほうのおしごと！,4人～6人,30分前後,不明,2017年～
もっと私の世界の見方,2人～9人,不明,不明,2018年～
モダンアート：韓国版,3人～5人,45分前後,不明,不明
マハラジャ（ラージャ）,2人～5人,90分前後,12歳～,2004年～
マスカレイド・エクスパンション,2人～13人,30分前後,10歳～,2014年～
ペアーズ：ボールゲームデッキ,不明,不明,不明,不明
ペアーズ：ファニーハッターデッキ,不明,不明,不明,不明
ブルームーン：テラ,2人用,30分～40分,12歳～,2004年～
ブルームーン：ピラー,2人用,30分前後,10歳～,2005年～
ブルームーン：アクア,2人用,30分前後,10歳～,2005年～
ブルームーン：フリット,2人用,30分前後,10歳～,2004年～
ブルームーン：ミミックス,2人用,30分前後,10歳～,2004年～
ブルームーン：キンド,2人用,30分前後,10歳～,2004年～
"ブラックストーリーズ2：鳥肌の立つ""黒い物語""",2人～15人,20分前後,12歳～,2005年～
ブラス：バーミンガム,2人～4人,60分～120分,14歳～,2018年～
ブラス：ランカシャー,2人～4人,120分～180分,14歳～,2018年～
ビッグ・ディール,2人～6人,120分前後,12歳～,2001年～
パンデミック（旧版）,2人～4人,45分前後,8歳～,2008年～
バベル,2人用,45分～60分,12歳～,2000年～
バベルの塔,3人～5人,45分前後,10歳～,2005年～
バケツ消防士,3人～5人,30分前後,7歳～,1998年～
ナンジャモンジャ・ペアセット,2人～6人,15分前後,4歳～,2016年～
ナイアガラ：川の精（拡張セット）,3人～6人,45分前後,8歳～,2006年～
テラミスティカ：氷と炎（拡張）,2人～5人,100分前後,12歳～,2014年～
ディクシット：クエスト（拡張）,3人～6人,30分前後,8歳～,2010年～
ディクシット：ジャーニー（拡張）,3人～6人,30分前後,8歳～,2012年～
タイマンポーカー,2人用,不明,不明,2005年～
ストーンエイジ：10周年記念版,2人～4人,60分～90分,10歳～,2018年～
ジャングルスピード：拡張カード,2人～8人,10分～20分,7歳～,2012年～
もっとこねこミキサー,2人～6人,30分前後,10歳～,2015年～
コズミック・エンカウンター 銀河強襲,3人～6人,60分前後,10歳～,2010年～
ごいた / ごい牌 / 三角ごいた / ごいたろう,2人～4人,5分～30分,10歳～,1900年～
ゴールドエクスペリエンス～黄金体験～,3人～10人,10分～30分,8歳～,2016年～
クリーチャーズ,2人～6人,20分～60分,8歳～,2011年～
クリーチャークラッシュ！,2人～6人,20分～60分,6歳～,2014年～
キング・オブ・トーキョー：パワーアップ,2人～6人,30分前後,8歳～,2012年～
キャプテンリノ：巨大版,2人～5人,5分～15分,5歳～,2015年～
キムの名は。,2人～6人,30分前後,不明,2016年～
キーフラワー：商人たち（拡張）,2人～6人,90分前後,14歳～,2014年～
キーフラワー：農夫たち（拡張）,2人～6人,90分～120分,13歳～,2013年～
お邪魔者2,2人～12人,45分前後,8歳～,2011年～
オルトレマーレ：ヴェニスの商人,2人～5人,60分前後,12歳～,2004年～
オセロ / リバーシ,2人用,15分～30分,5歳～,1973年～
ウノ,2人～10人,30分前後,7歳～,1979年～
ウェルカム・トゥ,1人～100人,25分前後,10歳～,2018年～
アズール,2人～4人,30分～45分,8歳～,2017年～
6 nimmt!：20周年版,2人～10人,45分前後,8歳～,2014年～
ワンナイト人狼,3人～7人,10分～20分,10歳～,2012年～
ワンス・アポン・ア・タイム,2人～6人,30分前後,8歳～,1995年～
ワニに乗る？,2人～4人,15分前後,4歳～,2005年～
私の世界の見方,2人～9人,30分前後,10歳～,2004年～
私が夢みるとき,4人～10人,20分～40分,8歳～,2016年～
分ければ資源,2人～5人,30分前後,6歳～,2013年～
ワードバスケット,2人～8人,10分前後,10歳～,2002年～
ロストシティ,2人用,30分前後,10歳～,1999年～
ロス・バンディット,2人用,15分前後,8歳～,2008年～
ロコ,2人～4人,20分～30分,7歳～,2003年～
ローゼンケーニッヒ,2人用,30分前後,10歳～,1997年～
ロイヤル・ターフ,2人～6人,45分～60分,10歳～,2001年～
レジスタンス：アヴァロン,5人～10人,30分前後,13歳～,2012年～
レジスタンス,5人～10人,30分前後,13歳～,2009年～
レーベンヘルツ,2人～4人,60分～80分,12歳～,2003年～
レーベンヘルツ（新版）,2人～4人,60分前後,12歳～,2003年～
レース・フォー・ザ・ギャラクシー,2人～4人,30分～60分,12歳～,2007年～
レース・ギャロッポ,2人～5人,30分前後,6歳～,2006年～
ルイ１４世,2人～4人,75分～100分,12歳～,2005年～
リンク,2人用,30分～60分,13歳～,2017年～
リミット / リミッツ,2人～6人,45分前後,8歳～,2001年～
リフトイット！,1人～8人,30分前後,8歳～,2012年～
ランキング,3人～5人,30分～45分,8歳～,2010年～
ランカスター,2人～5人,60分前後,10歳～,2011年～
ラミィキューブ,2人～4人,10分～30分,8歳～,1980年～
ラブレター,2人～4人,20分前後,10歳～,2014年～
ラットルボーン,2人～4人,15分～30分,14歳～,2014年～
ラッツィア！,2人～5人,45分前後,12歳～,2004年～
落水邸物語,3人～4人,30分前後,10歳～,2005年～
ラー,2人～5人,45分～60分,12歳～,1999年～
ラ・グランハ,1人～4人,90分～120分,12歳～,2014年～
傭兵隊長,2人～6人,30分～45分,12歳～,2011年～
酔いどれ猫のブルース,2人～6人,30分前後,10歳～,1998年～
指輪物語：ボードゲーム,2人～5人,60分前後,12歳～,2000年～
指輪物語：対決,2人用,30分前後,12歳～,2002年～
ユニオン・パシフィック,2人～6人,90分～110分,12歳～,1999年～
郵便馬車,2人～4人,60分前後,13歳～,2006年～
藪の中,3人～4人,20分～30分,10歳～,2010年～
ヤッツィー,1人～10人,10分～120分,8歳～,1956年～
ヤギ戦争,3人～6人,15分前後,8歳～,2007年～
ベッポ / やぎのベッポ,2人～4人,15分前後,5歳～,2007年～
ヤイカーズ,1人～4人,15分前後,14歳～,2009年～
モンテカルロの夜,3人～4人,45分前後,10歳～,1997年～
モンスターがすむ家,2人～4人,20分～30分,6歳～,2011年～
モンスター画家,4人～30人,20分前後,10歳～,2006年～
モレール,3人～6人,30分前後,8歳～,2003年～
モルゲンランド,3人～5人,60分～90分,10歳～,2000年～
